{
  "baseline": {
    "cer": 0.6883216663821069,
    "edits": 8063
  },
  "characters": 11714,
  "code_commit": "d123cf3cca7b900be0c8baa6538fd6237081be14",
  "input_sha256": "2570f297331281b6dec5389546bad75de36d35de51c86bdc65d32903c1035922",
  "model_artifacts_sha256": "386922dfd7f4cbc5077110759dff68d12b4f219bf898d6512a2a4cba0e19ab0c",
  "model_id": "Qwen/Qwen2.5-0.5B-Instruct",
  "model_revision": "7ae557604adf67be50417f59c2c2f167def9a775",
  "oracle": {
    "cer": 0.6579306812361277,
    "edits": 7707
  },
  "paired_bootstrap": {
    "ci95": [
      0.0,
      0.0
    ],
    "samples": 10000,
    "seed": 42
  },
  "parsing": {
    "failed": 185,
    "parsed": 171,
    "rate": 0.4803370786516854
  },
  "phase0_gate": {
    "ci_below_zero": false,
    "material_delta": false,
    "parse_complete": false,
    "passed": false
  },
  "prompt_sha256": "a5467e1489c0126aec10d19bf0c915f5b22bd036fce7ed5df16b098ea3231264",
  "prompt_version": "dev8-constrained-choice-v1",
  "results_sha256": "260c2e2bc74ebc3479e848804b36ba58d7a43b2fd9a017d6ac45009317b376e4",
  "samples": 356,
  "schema_version": 1,
  "selected": {
    "cer": 0.6883216663821069,
    "edits": 8063
  },
  "selected_minus_baseline_cer": 0.0,
  "selection": {
    "changed": 0,
    "changed_rate": 0.0,
    "equal": 356,
    "improved": 0,
    "improvement_precision": 0.0,
    "unchanged": 356,
    "worsened": 0
  },
  "status": "COMPLETE"
}
