{
  "baseline": {
    "cer": 0.7750088818961579,
    "edits": 15270
  },
  "characters": 19703,
  "code_commit": "d123cf3cca7b900be0c8baa6538fd6237081be14",
  "input_sha256": "a7eff26328a8ba136e575efa5c775a17e941743297a74014adb5f4303c6f3c69",
  "model_artifacts_sha256": "386922dfd7f4cbc5077110759dff68d12b4f219bf898d6512a2a4cba0e19ab0c",
  "model_id": "Qwen/Qwen2.5-0.5B-Instruct",
  "model_revision": "7ae557604adf67be50417f59c2c2f167def9a775",
  "oracle": {
    "cer": 0.744708927574481,
    "edits": 14673
  },
  "paired_bootstrap": {
    "ci95": [
      0.0,
      0.0
    ],
    "samples": 10000,
    "seed": 42
  },
  "parsing": {
    "failed": 378,
    "parsed": 247,
    "rate": 0.3952
  },
  "phase0_gate": {
    "ci_below_zero": false,
    "material_delta": false,
    "parse_complete": false,
    "passed": false
  },
  "prompt_sha256": "a5467e1489c0126aec10d19bf0c915f5b22bd036fce7ed5df16b098ea3231264",
  "prompt_version": "dev8-constrained-choice-v1",
  "results_sha256": "713ce67530ae6460065c55e7e353607de57e7a6385e24076927dbc4bbbeec14b",
  "samples": 625,
  "schema_version": 1,
  "selected": {
    "cer": 0.7750088818961579,
    "edits": 15270
  },
  "selected_minus_baseline_cer": 0.0,
  "selection": {
    "changed": 0,
    "changed_rate": 0.0,
    "equal": 625,
    "improved": 0,
    "improvement_precision": 0.0,
    "unchanged": 625,
    "worsened": 0
  },
  "status": "COMPLETE"
}
